iter	Logloss
0	0.6469372169
1	0.5874274705
2	0.5386365013
3	0.5056549195
4	0.4742029371
5	0.4434627735
6	0.419283362
